[
  {"model":"libros.libro","pk":1001,"fields":{"titulo":"Orgullo y prejuicio","autor":"Jane Austen","isbn":"9789990002001","ejemplares_totales":5,"ejemplares_disponibles":5}},
  {"model":"libros.libro","pk":1002,"fields":{"titulo":"Crimen y castigo","autor":"Fiódor Dostoievski","isbn":"9789990002002","ejemplares_totales":5,"ejemplares_disponibles":5}},
  {"model":"libros.libro","pk":1003,"fields":{"titulo":"Guerra y paz","autor":"León Tolstói","isbn":"9789990002003","ejemplares_totales":5,"ejemplares_disponibles":5}},
  {"model":"libros.libro","pk":1004,"fields":{"titulo":"Ulises","autor":"James Joyce","isbn":"9789990002004","ejemplares_totales":5,"ejemplares_disponibles":5}},
  {"model":"libros.libro","pk":1005,"fields":{"titulo":"La metamorfosis","autor":"Franz Kafka","isbn":"9789990002005","ejemplares_totales":5,"ejemplares_disponibles":5}},
  {"model":"libros.libro","pk":1006,"fields":{"titulo":"La Odisea","autor":"Homero","isbn":"9789990002006","ejemplares_totales":5,"ejemplares_disponibles":5}},
  {"model":"libros.libro","pk":1007,"fields":{"titulo":"La Ilíada","autor":"Homero","isbn":"9789990002007","ejemplares_totales":5,"ejemplares_disponibles":5}},
  {"model":"libros.libro","pk":1008,"fields":{"titulo":"Hojas de hierba","autor":"Walt Whitman","isbn":"9789990002008","ejemplares_totales":5,"ejemplares_disponibles":5}},
  {"model":"libros.libro","pk":1009,"fields":{"titulo":"El retrato de Dorian Gray","autor":"Oscar Wilde","isbn":"9789990002009","ejemplares_totales":5,"ejemplares_disponibles":5}},
  {"model":"libros.libro","pk":1010,"fields":{"titulo":"Moby-Dick","autor":"Herman Melville","isbn":"9789990002010","ejemplares_totales":5,"ejemplares_disponibles":5}},
  {"model":"libros.libro","pk":1011,"fields":{"titulo":"Madame Bovary","autor":"Gustave Flaubert","isbn":"9789990002011","ejemplares_totales":5,"ejemplares_disponibles":5}},
  {"model":"libros.libro","pk":1012,"fields":{"titulo":"Los miserables","autor":"Victor Hugo","isbn":"9789990002012","ejemplares_totales":5,"ejemplares_disponibles":5}},
  {"model":"libros.libro","pk":1013,"fields":{"titulo":"En busca del tiempo perdido","autor":"Marcel Proust","isbn":"9789990002013","ejemplares_totales":5,"ejemplares_disponibles":5}},
  {"model":"libros.libro","pk":1014,"fields":{"titulo":"El extranjero","autor":"Albert Camus","isbn":"9789990002014","ejemplares_totales":5,"ejemplares_disponibles":5}},
  {"model":"libros.libro","pk":1015,"fields":{"titulo":"La náusea","autor":"Jean-Paul Sartre","isbn":"9789990002015","ejemplares_totales":5,"ejemplares_disponibles":5}},
  {"model":"libros.libro","pk":1016,"fields":{"titulo":"La montaña mágica","autor":"Thomas Mann","isbn":"9789990002016","ejemplares_totales":5,"ejemplares_disponibles":5}},
  {"model":"libros.libro","pk":1017,"fields":{"titulo":"El guardián entre el centeno","autor":"J. D. Salinger","isbn":"9789990002017","ejemplares_totales":5,"ejemplares_disponibles":5}},
  {"model":"libros.libro","pk":1018,"fields":{"titulo":"Drácula","autor":"Bram Stoker","isbn":"9789990002018","ejemplares_totales":5,"ejemplares_disponibles":5}},
  {"model":"libros.libro","pk":1019,"fields":{"titulo":"Frankenstein","autor":"Mary Shelley","isbn":"9789990002019","ejemplares_totales":5,"ejemplares_disponibles":5}},
  {"model":"libros.libro","pk":1020,"fields":{"titulo":"El Conde de Montecristo","autor":"Alexandre Dumas","isbn":"9789990002020","ejemplares_totales":5,"ejemplares_disponibles":5}},
  {"model":"libros.libro","pk":1021,"fields":{"titulo":"La tregua","autor":"Mario Benedetti","isbn":"9789990002021","ejemplares_totales":5,"ejemplares_disponibles":5}},
  {"model":"libros.libro","pk":1022,"fields":{"titulo":"Sobre héroes y tumbas","autor":"Ernesto Sabato","isbn":"9789990002022","ejemplares_totales":5,"ejemplares_disponibles":5}},
  {"model":"libros.libro","pk":1023,"fields":{"titulo":"Ficciones","autor":"Jorge Luis Borges","isbn":"9789990002023","ejemplares_totales":5,"ejemplares_disponibles":5}},
  {"model":"libros.libro","pk":1024,"fields":{"titulo":"El Aleph","autor":"Jorge Luis Borges","isbn":"9789990002024","ejemplares_totales":5,"ejemplares_disponibles":5}},
  {"model":"libros.libro","pk":1025,"fields":{"titulo":"El túnel","autor":"Ernesto Sabato","isbn":"9789990002025","ejemplares_totales":5,"ejemplares_disponibles":5}},
  {"model":"libros.libro","pk":1026,"fields":{"titulo":"La invención de Morel","autor":"Adolfo Bioy Casares","isbn":"9789990002026","ejemplares_totales":5,"ejemplares_disponibles":5}},
  {"model":"libros.libro","pk":1027,"fields":{"titulo":"Noticia de un secuestro","autor":"Gabriel García Márquez","isbn":"9789990002027","ejemplares_totales":5,"ejemplares_disponibles":5}},
  {"model":"libros.libro","pk":1028,"fields":{"titulo":"2666","autor":"Roberto Bolaño","isbn":"9789990002028","ejemplares_totales":5,"ejemplares_disponibles":5}},
  {"model":"libros.libro","pk":1029,"fields":{"titulo":"Los detectives salvajes","autor":"Roberto Bolaño","isbn":"9789990002029","ejemplares_totales":5,"ejemplares_disponibles":5}},
  {"model":"libros.libro","pk":1030,"fields":{"titulo":"Confieso que he vivido","autor":"Pablo Neruda","isbn":"9789990002030","ejemplares_totales":5,"ejemplares_disponibles":5}},
  {"model":"libros.libro","pk":1031,"fields":{"titulo":"La fiesta del Chivo","autor":"Mario Vargas Llosa","isbn":"9789990002031","ejemplares_totales":5,"ejemplares_disponibles":5}},
  {"model":"libros.libro","pk":1032,"fields":{"titulo":"Conversación en La Catedral","autor":"Mario Vargas Llosa","isbn":"9789990002032","ejemplares_totales":5,"ejemplares_disponibles":5}},
  {"model":"libros.libro","pk":1033,"fields":{"titulo":"Historia de cronopios y de famas","autor":"Julio Cortázar","isbn":"9789990002033","ejemplares_totales":5,"ejemplares_disponibles":5}},
  {"model":"libros.libro","pk":1034,"fields":{"titulo":"Bestiario","autor":"Julio Cortázar","isbn":"9789990002034","ejemplares_totales":5,"ejemplares_disponibles":5}},
  {"model":"libros.libro","pk":1035,"fields":{"titulo":"La insoportable levedad del ser","autor":"Milan Kundera","isbn":"9789990002035","ejemplares_totales":5,"ejemplares_disponibles":5}},
  {"model":"libros.libro","pk":1036,"fields":{"titulo":"El proceso","autor":"Franz Kafka","isbn":"9789990002036","ejemplares_totales":5,"ejemplares_disponibles":5}},
  {"model":"libros.libro","pk":1037,"fields":{"titulo":"El castillo","autor":"Franz Kafka","isbn":"9789990002037","ejemplares_totales":5,"ejemplares_disponibles":5}},
  {"model":"libros.libro","pk":1038,"fields":{"titulo":"El lobo estepario","autor":"Hermann Hesse","isbn":"9789990002038","ejemplares_totales":5,"ejemplares_disponibles":5}},
  {"model":"libros.libro","pk":1039,"fields":{"titulo":"Siddhartha","autor":"Hermann Hesse","isbn":"9789990002039","ejemplares_totales":5,"ejemplares_disponibles":5}},
  {"model":"libros.libro","pk":1040,"fields":{"titulo":"Demian","autor":"Hermann Hesse","isbn":"9789990002040","ejemplares_totales":5,"ejemplares_disponibles":5}},
  {"model":"libros.libro","pk":1041,"fields":{"titulo":"El perfume","autor":"Patrick Süskind","isbn":"9789990002041","ejemplares_totales":5,"ejemplares_disponibles":5}},
  {"model":"libros.libro","pk":1042,"fields":{"titulo":"La carretera","autor":"Cormac McCarthy","isbn":"9789990002042","ejemplares_totales":5,"ejemplares_disponibles":5}},
  {"model":"libros.libro","pk":1043,"fields":{"titulo":"Trilogía de Nueva York","autor":"Paul Auster","isbn":"9789990002043","ejemplares_totales":5,"ejemplares_disponibles":5}},
  {"model":"libros.libro","pk":1044,"fields":{"titulo":"La broma infinita","autor":"David Foster Wallace","isbn":"9789990002044","ejemplares_totales":5,"ejemplares_disponibles":5}},
  {"model":"libros.libro","pk":1045,"fields":{"titulo":"El gran Gatsby","autor":"F. Scott Fitzgerald","isbn":"9789990002045","ejemplares_totales":5,"ejemplares_disponibles":5}},
  {"model":"libros.libro","pk":1046,"fields":{"titulo":"Middlesex","autor":"Jeffrey Eugenides","isbn":"9789990002046","ejemplares_totales":5,"ejemplares_disponibles":5}},
  {"model":"libros.libro","pk":1047,"fields":{"titulo":"Americanah","autor":"Chimamanda Ngozi Adichie","isbn":"9789990002047","ejemplares_totales":5,"ejemplares_disponibles":5}},
  {"model":"libros.libro","pk":1048,"fields":{"titulo":"Beloved","autor":"Toni Morrison","isbn":"9789990002048","ejemplares_totales":5,"ejemplares_disponibles":5}},
  {"model":"libros.libro","pk":1049,"fields":{"titulo":"El color púrpura","autor":"Alice Walker","isbn":"9789990002049","ejemplares_totales":5,"ejemplares_disponibles":5}},
  {"model":"libros.libro","pk":1050,"fields":{"titulo":"La amiga estupenda","autor":"Elena Ferrante","isbn":"9789990002050","ejemplares_totales":5,"ejemplares_disponibles":5}},
  {"model":"libros.libro","pk":1051,"fields":{"titulo":"El ruido y la furia","autor":"William Faulkner","isbn":"9789990002051","ejemplares_totales":5,"ejemplares_disponibles":5}},
  {"model":"libros.libro","pk":1052,"fields":{"titulo":"Luz de agosto","autor":"William Faulkner","isbn":"9789990002052","ejemplares_totales":5,"ejemplares_disponibles":5}},
  {"model":"libros.libro","pk":1053,"fields":{"titulo":"Mientras agonizo","autor":"William Faulkner","isbn":"9789990002053","ejemplares_totales":5,"ejemplares_disponibles":5}},
  {"model":"libros.libro","pk":1054,"fields":{"titulo":"El viejo y el mar","autor":"Ernest Hemingway","isbn":"9789990002054","ejemplares_totales":5,"ejemplares_disponibles":5}},
  {"model":"libros.libro","pk":1055,"fields":{"titulo":"Por quién doblan las campanas","autor":"Ernest Hemingway","isbn":"9789990002055","ejemplares_totales":5,"ejemplares_disponibles":5}},
  {"model":"libros.libro","pk":1056,"fields":{"titulo":"Adiós a las armas","autor":"Ernest Hemingway","isbn":"9789990002056","ejemplares_totales":5,"ejemplares_disponibles":5}},
  {"model":"libros.libro","pk":1057,"fields":{"titulo":"La conjura de los necios","autor":"John Kennedy Toole","isbn":"9789990002057","ejemplares_totales":5,"ejemplares_disponibles":5}},
  {"model":"libros.libro","pk":1058,"fields":{"titulo":"El señor de las moscas","autor":"William Golding","isbn":"9789990002058","ejemplares_totales":5,"ejemplares_disponibles":5}},
  {"model":"libros.libro","pk":1059,"fields":{"titulo":"La naranja mecánica","autor":"Anthony Burgess","isbn":"9789990002059","ejemplares_totales":5,"ejemplares_disponibles":5}},
  {"model":"libros.libro","pk":1060,"fields":{"titulo":"El cuento de la criada","autor":"Margaret Atwood","isbn":"9789990002060","ejemplares_totales":5,"ejemplares_disponibles":5}},
  {"model":"libros.libro","pk":1061,"fields":{"titulo":"Neuromante","autor":"William Gibson","isbn":"9789990002061","ejemplares_totales":5,"ejemplares_disponibles":5}},
  {"model":"libros.libro","pk":1062,"fields":{"titulo":"Duna","autor":"Frank Herbert","isbn":"9789990002062","ejemplares_totales":5,"ejemplares_disponibles":5}},
  {"model":"libros.libro","pk":1063,"fields":{"titulo":"Fundación","autor":"Isaac Asimov","isbn":"9789990002063","ejemplares_totales":5,"ejemplares_disponibles":5}},
  {"model":"libros.libro","pk":1064,"fields":{"titulo":"Yo, Robot","autor":"Isaac Asimov","isbn":"9789990002064","ejemplares_totales":5,"ejemplares_disponibles":5}},
  {"model":"libros.libro","pk":1065,"fields":{"titulo":"El juego de Ender","autor":"Orson Scott Card","isbn":"9789990002065","ejemplares_totales":5,"ejemplares_disponibles":5}},
  {"model":"libros.libro","pk":1066,"fields":{"titulo":"Hyperion","autor":"Dan Simmons","isbn":"9789990002066","ejemplares_totales":5,"ejemplares_disponibles":5}},
  {"model":"libros.libro","pk":1067,"fields":{"titulo":"Snow Crash","autor":"Neal Stephenson","isbn":"9789990002067","ejemplares_totales":5,"ejemplares_disponibles":5}},
  {"model":"libros.libro","pk":1068,"fields":{"titulo":"El problema de los tres cuerpos","autor":"Cixin Liu","isbn":"9789990002068","ejemplares_totales":5,"ejemplares_disponibles":5}},
  {"model":"libros.libro","pk":1069,"fields":{"titulo":"El nombre de la rosa","autor":"Umberto Eco","isbn":"9789990002069","ejemplares_totales":5,"ejemplares_disponibles":5}},
  {"model":"libros.libro","pk":1070,"fields":{"titulo":"El péndulo de Foucault","autor":"Umberto Eco","isbn":"9789990002070","ejemplares_totales":5,"ejemplares_disponibles":5}},
  {"model":"libros.libro","pk":1071,"fields":{"titulo":"El Código Da Vinci","autor":"Dan Brown","isbn":"9789990002071","ejemplares_totales":5,"ejemplares_disponibles":5}},
  {"model":"libros.libro","pk":1072,"fields":{"titulo":"El psicoanalista","autor":"John Katzenbach","isbn":"9789990002072","ejemplares_totales":5,"ejemplares_disponibles":5}},
  {"model":"libros.libro","pk":1073,"fields":{"titulo":"La verdad sobre el caso Harry Quebert","autor":"Joël Dicker","isbn":"9789990002073","ejemplares_totales":5,"ejemplares_disponibles":5}},
  {"model":"libros.libro","pk":1074,"fields":{"titulo":"La chica del tren","autor":"Paula Hawkins","isbn":"9789990002074","ejemplares_totales":5,"ejemplares_disponibles":5}},
  {"model":"libros.libro","pk":1075,"fields":{"titulo":"Perdida","autor":"Gillian Flynn","isbn":"9789990002075","ejemplares_totales":5,"ejemplares_disponibles":5}},
  {"model":"libros.libro","pk":1076,"fields":{"titulo":"Sherlock Holmes: Estudio en escarlata","autor":"Arthur Conan Doyle","isbn":"9789990002076","ejemplares_totales":5,"ejemplares_disponibles":5}},
  {"model":"libros.libro","pk":1077,"fields":{"titulo":"Y no quedó ninguno","autor":"Agatha Christie","isbn":"9789990002077","ejemplares_totales":5,"ejemplares_disponibles":5}},
  {"model":"libros.libro","pk":1078,"fields":{"titulo":"Asesinato en el Orient Express","autor":"Agatha Christie","isbn":"9789990002078","ejemplares_totales":5,"ejemplares_disponibles":5}},
  {"model":"libros.libro","pk":1079,"fields":{"titulo":"El asesinato de Roger Ackroyd","autor":"Agatha Christie","isbn":"9789990002079","ejemplares_totales":5,"ejemplares_disponibles":5}},
  {"model":"libros.libro","pk":1080,"fields":{"titulo":"El hombre invisible","autor":"H. G. Wells","isbn":"9789990002080","ejemplares_totales":5,"ejemplares_disponibles":5}},
  {"model":"libros.libro","pk":1081,"fields":{"titulo":"La máquina del tiempo","autor":"H. G. Wells","isbn":"9789990002081","ejemplares_totales":5,"ejemplares_disponibles":5}},
  {"model":"libros.libro","pk":1082,"fields":{"titulo":"La guerra de los mundos","autor":"H. G. Wells","isbn":"9789990002082","ejemplares_totales":5,"ejemplares_disponibles":5}},
  {"model":"libros.libro","pk":1083,"fields":{"titulo":"El hobbit","autor":"J. R. R. Tolkien","isbn":"9789990002083","ejemplares_totales":5,"ejemplares_disponibles":5}},
  {"model":"libros.libro","pk":1084,"fields":{"titulo":"Las dos torres","autor":"J. R. R. Tolkien","isbn":"9789990002084","ejemplares_totales":5,"ejemplares_disponibles":5}},
  {"model":"libros.libro","pk":1085,"fields":{"titulo":"El retorno del rey","autor":"J. R. R. Tolkien","isbn":"9789990002085","ejemplares_totales":5,"ejemplares_disponibles":5}},
  {"model":"libros.libro","pk":1086,"fields":{"titulo":"Juego de tronos","autor":"George R. R. Martin","isbn":"9789990002086","ejemplares_totales":5,"ejemplares_disponibles":5}},
  {"model":"libros.libro","pk":1087,"fields":{"titulo":"La historia interminable","autor":"Michael Ende","isbn":"9789990002087","ejemplares_totales":5,"ejemplares_disponibles":5}},
  {"model":"libros.libro","pk":1088,"fields":{"titulo":"El temor de un hombre sabio","autor":"Patrick Rothfuss","isbn":"9789990002088","ejemplares_totales":5,"ejemplares_disponibles":5}},
  {"model":"libros.libro","pk":1089,"fields":{"titulo":"El camino de los reyes","autor":"Brandon Sanderson","isbn":"9789990002089","ejemplares_totales":5,"ejemplares_disponibles":5}},
  {"model":"libros.libro","pk":1090,"fields":{"titulo":"El Imperio Final","autor":"Brandon Sanderson","isbn":"9789990002090","ejemplares_totales":5,"ejemplares_disponibles":5}},
  {"model":"libros.libro","pk":1091,"fields":{"titulo":"El océano al final del camino","autor":"Neil Gaiman","isbn":"9789990002091","ejemplares_totales":5,"ejemplares_disponibles":5}},
  {"model":"libros.libro","pk":1092,"fields":{"titulo":"Buenos presagios","autor":"Terry Pratchett y Neil Gaiman","isbn":"9789990002092","ejemplares_totales":5,"ejemplares_disponibles":5}},
  {"model":"libros.libro","pk":1093,"fields":{"titulo":"Mort","autor":"Terry Pratchett","isbn":"9789990002093","ejemplares_totales":5,"ejemplares_disponibles":5}},
  {"model":"libros.libro","pk":1094,"fields":{"titulo":"El castillo ambulante","autor":"Diana Wynne Jones","isbn":"9789990002094","ejemplares_totales":5,"ejemplares_disponibles":5}},
  {"model":"libros.libro","pk":1095,"fields":{"titulo":"La brújula dorada","autor":"Philip Pullman","isbn":"9789990002095","ejemplares_totales":5,"ejemplares_disponibles":5}},
  {"model":"libros.libro","pk":1096,"fields":{"titulo":"El príncipe cruel","autor":"Holly Black","isbn":"9789990002096","ejemplares_totales":5,"ejemplares_disponibles":5}},
  {"model":"libros.libro","pk":1097,"fields":{"titulo":"La música del silencio","autor":"Patrick Rothfuss","isbn":"9789990002097","ejemplares_totales":5,"ejemplares_disponibles":5}},
  {"model":"libros.libro","pk":1098,"fields":{"titulo":"El marciano","autor":"Andy Weir","isbn":"9789990002098","ejemplares_totales":5,"ejemplares_disponibles":5}},
  {"model":"libros.libro","pk":1099,"fields":{"titulo":"Proyecto Hail Mary","autor":"Andy Weir","isbn":"9789990002099","ejemplares_totales":5,"ejemplares_disponibles":5}},
  {"model":"libros.libro","pk":1100,"fields":{"titulo":"El cuento número trece","autor":"Diane Setterfield","isbn":"9789990002100","ejemplares_totales":5,"ejemplares_disponibles":5}}
]
